{  
   "swagger":"2.0",
   "basePath":"/loan",
   "schemes":[  
      "http"
   ],
   "info":{  
      "title":"LoanQuote",
      "contact":{  

      },
      "version":"1"
   },
   "paths":{  
      "/quote":{  
         "post":{  
            "tags":[  
               "LoanQuote"
            ],
            "consumes":[  
               "application/json",
               "application/xml"
            ],
            "produces":[  
               "application/json",
               "application/xml"
            ],
            "responses":{  
               "503":{  
                  "description":"Service Unavailable",
                  "schema":{  
                     "$ref":"#/definitions/errors"
                  }
               },
               "200":{  
                  "description":"OK",
                  "schema":{  
                     "maxItems":1,
                     "$ref":"#/definitions/loanQuoteResponse"
                  },
                  "headers":{  
                     "Access-Control-Allow-Headers":{  
                        "description":"The Access-Control-Allow-Headers header indicates, as part of a pre-flight request which headers can be used on the actual request.",
                        "type":"string"
                     },
                     "Access-Control-Allow-Methods":{  
                        "description":"The Access-Control-Allow-Methods header indicates, as part of a pre-flight request which methods can be used on the actual request.",
                        "type":"string"
                     },
                     "Access-Control-Allow-Origin":{  
                        "description":"The Access-Control-Allow-Origin header indicates whether a resource can be shared by returning the value of the Origin request header or ï¿½*ï¿½ in the response.",
                        "type":"string"
                     },
                     "Cache-Control":{  
                        "description":"no-cache",
                        "type":"string"
                     },
                     "Content-Length":{  
                        "description":"The Content-Length header specifies the actual length of the returned payload.",
                        "type":"string"
                     },
                     "Content-Type":{  
                        "description":"The Content-Length header specifies the actual length of the returned payload.",
                        "type":"string"
                     },
                     "ETag":{  
                        "description":"The ETag header specifies the unique entity tag value for the returned resource.",
                        "type":"string"
                     },
                     "Expires":{  
                        "description":"The Expires header gives the date-time after which the response is considered stale.",
                        "type":"string"
                     },
                     "Location":{  
                        "description":"The Location header specifies the URI of a created resource, or redirects the API consumer to an alternate resource location.",
                        "type":"string"
                     },
                     "servicetransactionid":{  
                        "description":"Internal identifier for transaction tracking an individual transaction/API request within API platform. Donï¿½t receive/donï¿½t send to downstream",
                        "type":"string"
                     }
                  }
               },
               "400":{  
                  "description":"Bad Request",
                  "schema":{  
                     "$ref":"#/definitions/errors"
                  }
               },
               "500":{  
                  "description":"Internal Server Error",
                  "schema":{  
                     "$ref":"#/definitions/errors"
                  }
               }
            },
            "operationId":"post-search",
            "parameters":[  
               {  
                  "name":"loanQuoteRequest",
                  "in":"body",
                  "schema":{  
                     "maxItems":1,
                     "$ref":"#/definitions/loanQuoteRequest"
                  },
                  "description":"Bank customer registration request information"
               },
               {  
                  "$ref":"#/parameters/AuthorizationParam"
               },
               {  
                  "$ref":"#/parameters/Content-typeParam"
               },
               {  
                  "$ref":"#/parameters/AcceptParam"
               },
               {  
                  "$ref":"#/parameters/applicationuseridParam"
               },
               {  
                  "$ref":"#/parameters/sessionidParam"
               },
               {  
                  "$ref":"#/parameters/interactionidParam"
               },
               {  
                  "$ref":"#/parameters/activityidParam"
               },
               {  
                  "$ref":"#/parameters/workflowidParam"
               },
               {  
                  "$ref":"#/parameters/timestampParam"
               },
               {  
                  "$ref":"#/parameters/storeidParam"
               },
               {  
                  "$ref":"#/parameters/terminalidParam"
               },
               {  
                  "$ref":"#/parameters/tillidParam"
               },
               {  
                  "$ref":"#/parameters/dealercodeParam"
               },
               {  
                  "$ref":"#/parameters/segmentationidParam"
               },
               {  
                  "$ref":"#/parameters/authcustomeridParam"
               },
               {  
                  "$ref":"#/parameters/authfinancialaccountidParam"
               },
               {  
                  "$ref":"#/parameters/authlineofserviceidParam"
               },
               {  
                  "$ref":"#/parameters/Access-Control-Request-HeadersParam"
               },
               {  
                  "$ref":"#/parameters/Access-Control-Request-MethodParam"
               },
               {  
                  "$ref":"#/parameters/If-MatchParam"
               },
               {  
                  "$ref":"#/parameters/If-Modified-SinceParam"
               },
               {  
                  "$ref":"#/parameters/If-None-MatchParam"
               },
               {  
                  "$ref":"#/parameters/OriginParam"
               }
            ],
            "summary":"post-search"
         }
      }
   },
   "tags":[  
      {  
         "name":"loanQuote"
      }
   ],
   "definitions":{
     "loanQuoteRequest":{  
         "type":"object",
         "properties":{  
            "customerType":{  
               "description":"customer type",
               "type":"string"
            },
            "loanType":{  
               "description":"loan type",
               "type":"string"
            },
            "personalInfo":{  
              "type":"array",
               "items":{  
                  "$ref":"#/definitions/loanQuotePersonalInfo"
               }
            },
            "loanInfo":{  
              "type":"array",
               "items":{  
                  "$ref":"#/definitions/loanQuoteLoanInfo"
               }
            }
         }
      },
      "errors":{  
         "type":"array",
         "items":{  
            "$ref":"#/definitions/responseError"
         }
      },
      "loanQuotePersonalInfo":{  
         "type":"object",
         "properties":{  
           "firstName":{  
               "description":"First Name",
               "type":"string"
            },
            "lastName":{  
               "description":"Last Name",
               "type":"string"
            },
            "title":{  
               "description":"title",
               "type":"string"
            },
            "emailId":{
            	"description":"customer email address",
            	"type":"string"
            },
            "dateOfBirth":{
            	"description": "date of birth yyyy-mm-dd",
            	"type":"string",
            	"format":"date"
            },
            "mobileNumber":{
            	"description":"customer mobile number",
            	"type":"string"
            },
            "postCode":{
            	"description":"customer postcode",
            	"type":"string"
            }
         }
      },
      "loanQuoteLoanInfo":{  
         "type":"object",
         "properties":{  
           "amount":{  
               "description":"loan request amount",
               "type":"number",
               "format":"double"
            },
            "durationInMonth":{  
               "description":"duration In Month",
               "type":"integer",
               "format":"int32"
            },
            "earningPerMonth":{  
               "description":"earning per month",
               "type":"number",
               "format":"double"
            },
            "existingEMIPerMonth":{
            	"description":"existing EMI per Month",
            	"type":"number",
                "format":"double"
            },
            "existingRent":{
            	"description": "date of birth yyyy-mm-dd",
            	"type":"number",
                "format":"double"
            },
            "existingOtherExpenses":{
            	"description":"existing other expenses",
            	"type":"number",
                "format":"double"
            },
            "postCode":{
            	"description":"customer postcode",
            	"type":"string"
            }
         }
      },
      "loanQuoteResponse":{  
         "type":"object",
         "properties":{  
            "status":{
            	"description":"status message",
            	"type":"string"
            }
         }
      },
      "responseError":{  
         "description":"Used to pass error information in a response.",
         "type":"object",
         "properties":{  
            "code":{  
               "description":"Used to pass error codes",
               "type":"string"
            },
            "userMessage":{  
               "description":"Use to pass human friendly information to the user.",
               "type":"string"
            },
            "systemMessage":{  
               "description":"Used to pass system information.",
               "type":"string"
            }
         }
      }
   },
   "parameters":{  
      "AuthorizationParam":{  
         "name":"Authorization",
         "in":"header",
         "required":true,
         "type":"string"
      },
      "Content-typeParam":{  
         "name":"Content-type",
         "in":"header",
         "required":true,
         "type":"string"
      },
      "AcceptParam":{  
         "name":"Accept",
         "in":"header",
         "required":false,
         "type":"string"
      },
      "applicationuseridParam":{  
         "name":"applicationuserid",
         "in":"header",
         "required":false,
         "type":"string"
      },
      "sessionidParam":{  
         "name":"sessionid",
         "in":"header",
         "required":false,
         "type":"string"
      },
      "interactionidParam":{  
         "name":"interactionid",
         "in":"header",
         "required":false,
         "type":"string"
      },
      "activityidParam":{  
         "name":"activityid",
         "in":"header",
         "required":true,
         "type":"string"
      },
      "workflowidParam":{  
         "name":"workflowid",
         "in":"header",
         "required":false,
         "type":"string"
      },
      "timestampParam":{  
         "name":"timestamp",
         "in":"header",
         "required":false,
         "type":"string",
         "format":"date-time"
      },
      "storeidParam":{  
         "name":"storeid",
         "in":"header",
         "required":false,
         "type":"string"
      },
      "terminalidParam":{  
         "name":"terminalid",
         "in":"header",
         "required":false,
         "type":"string"
      },
      "tillidParam":{  
         "name":"tillid",
         "in":"header",
         "required":false,
         "type":"string"
      },
      "dealercodeParam":{  
         "name":"dealercode",
         "in":"header",
         "required":false,
         "type":"integer",
         "format":"int32"
      },
      "segmentationidParam":{  
         "name":"segmentationid",
         "in":"header",
         "required":false,
         "type":"string"
      },
      "authcustomeridParam":{  
         "name":"authcustomerid",
         "in":"header",
         "required":false,
         "type":"string"
      },
      "authfinancialaccountidParam":{  
         "name":"authfinancialaccountid",
         "in":"header",
         "required":false,
         "type":"string"
      },
      "authlineofserviceidParam":{  
         "name":"authlineofserviceid",
         "in":"header",
         "required":false,
         "type":"string"
      },
      "Access-Control-Request-HeadersParam":{  
         "name":"Access-Control-Request-Headers",
         "in":"header",
         "required":false,
         "type":"string"
      },
      "Access-Control-Request-MethodParam":{  
         "name":"Access-Control-Request-Method",
         "in":"header",
         "required":false,
         "type":"string"
      },
      "If-MatchParam":{  
         "name":"If-Match",
         "in":"header",
         "required":false,
         "type":"string"
      },
      "If-Modified-SinceParam":{  
         "name":"If-Modified-Since",
         "in":"header",
         "required":false,
         "type":"string"
      },
      "If-None-MatchParam":{  
         "name":"If-None-Match",
         "in":"header",
         "required":false,
         "type":"string"
      },
      "OriginParam":{  
         "name":"Origin",
         "in":"header",
         "required":false,
         "type":"string"
      }
   }
}